,0,1,2,3,4,5,6,7,8,9,10,11,12,13,14,15,16,17,18,19,20,21,22,23,24,25,26,27,28,29,30,31,32,33,34,35,36,37,38
0,d20191112,12.290765666666665,10.4172265,11.758551833333334,0.0,0.0,0.0,11.374913666666666,10.789892666666667,11.277310333333332,0.0,0.0,0.0,10.93799772,9.1779494,10.041153092000002,0.0,0.0,0.0,10.081104752,9.604710743999998,9.837835200000002,0.0,0.0,0.0,11.251450999999998,9.437037862499999,10.184532537499999,0.0,0.0,0.0,10.2448380625,9.881513937500001,10.232968375,0.0,0.0,0.0,against,against
1,d20191029,11.106866666666667,10.918764333333334,11.576630333333332,12.314642,0.0,0.0,10.2461775,9.806820666666667,12.130928333333332,10.548702666666667,0.0,0.0,10.306634113636363,10.003193909090909,10.327122045454546,11.402577704545454,0.0,0.0,9.39488144090909,9.021816750000001,11.079941295454548,9.880447431818178,0.0,0.0,10.391585277777779,10.351316666666667,10.608476,11.499206,0.0,0.0,9.276987055555557,8.92404038888889,10.983706833333335,9.9344555,0.0,0.0,against,for
2,d20191022,9.590426425,9.47608375,11.288881875000001,0.0,0.0,0.0,8.9537966,9.643654175,10.615291124999999,0.0,0.0,0.0,9.739777185714287,9.754923464285712,11.576898835714285,0.0,0.0,0.0,9.094202264285714,9.675415535714288,10.686137242857141,0.0,0.0,0.0,10.126889333333333,10.171768,11.966940833333332,0.0,0.0,0.0,9.342039333333334,9.900363166666667,11.024132,0.0,0.0,0.0,against,against
3,d20190917,11.781152333333333,11.830385166666666,10.951717666666667,10.026374166666665,0.0,0.0,10.986353333333334,9.082222666666667,10.069449,9.125852666666667,0.0,0.0,10.471882316666667,10.677133000000001,9.66883723,9.022227329999998,0.0,0.0,9.883629006666665,8.391025663333332,8.953156513333333,8.621635293333332,0.0,0.0,11.790107125,11.579099500000002,10.587225,9.563872125,0.0,0.0,10.5539895,8.774992125,9.530718499999999,8.78228475,0.0,0.0,against,against
4,d20190802,9.964135,9.344483050000001,10.2524695,0.0,0.0,0.0,9.465160775000001,10.418432,8.994835250000001,0.0,0.0,0.0,9.2387467,8.978253813953488,9.620785253488371,0.0,0.0,0.0,9.060687709302323,9.853782039534883,8.261060781395349,0.0,0.0,0.0,9.836884214285716,9.57964157142857,10.2711455,0.0,0.0,0.0,9.71614742857143,10.627398928571427,8.924226785714286,0.0,0.0,0.0,against,against
5,d20190628,10.432479333333333,10.668194999999999,10.114674666666668,12.212774999999999,0.0,0.0,9.981689833333332,10.319693333333333,11.2006325,10.337374333333333,0.0,0.0,8.908632882978724,9.197495710638298,8.734029761702127,10.887845689361702,0.0,0.0,8.700099119148934,8.893112987234042,9.538169938297871,8.691407502127657,0.0,0.0,9.08392373076923,9.303221523076921,8.762371069230769,10.889943692307693,0.0,0.0,8.83095003846154,9.042970784615385,9.447336961538461,8.632400407692309,0.0,0.0,for,against
6,d20190418,10.637913,9.712952666666666,10.718760000000001,0.0,0.0,0.0,10.107856,9.878592666666666,9.214646333333333,0.0,0.0,0.0,9.39053917368421,8.113691752631581,9.392526760526318,0.0,0.0,0.0,8.582110263157897,8.47717877368421,7.856123331578949,0.0,0.0,0.0,10.044533416666667,8.616909849999999,10.014763166666667,0.0,0.0,0.0,9.158942749999998,9.216921333333334,8.492295,0.0,0.0,0.0,against,against
8,d20190328,10.639329333333334,9.73798,12.173171666666667,10.708624,0.0,0.0,10.937764999999999,10.808591666666667,10.382808333333335,10.959552666666667,0.0,0.0,9.368911780645167,8.514968674193549,10.598608354838708,9.47539933548387,0.0,0.0,9.775421258064515,9.350387303225807,9.155863877419355,10.026231106451613,0.0,0.0,10.4223228,9.581641600000001,11.4284556,10.295451,0.0,0.0,10.532660199999999,10.520397400000002,9.9717398,10.529123199999999,0.0,0.0,for,for
9,d20190304,10.295759333333335,11.416750333333333,9.474406,0.0,0.0,0.0,10.228440999999998,10.545214666666666,10.814959,0.0,0.0,0.0,9.29860444117647,10.376564,8.857627452941175,0.0,0.0,0.0,9.452752764705883,9.695983635294118,9.999165676470588,0.0,0.0,0.0,9.6622444,10.8828912,9.300676399999999,0.0,0.0,0.0,9.794371200000002,10.107735600000002,10.5060065,0.0,0.0,0.0,against,for
10,d20190131,10.0475685,9.7004565,10.219399750000001,0.0,0.0,0.0,8.38629805,10.839558499999999,10.835711250000001,0.0,0.0,0.0,9.531431562162162,9.174770667567568,9.49508928918919,0.0,0.0,0.0,7.743280516216213,10.133965027027028,10.045623997297296,0.0,0.0,0.0,10.3129224,9.8862716,10.2469422,0.0,0.0,0.0,8.5690858,10.966251399999999,10.831413999999999,0.0,0.0,0.0,for,against
11,d20190116,9.602248,9.705369000000001,10.6633355,0.0,0.0,0.0,10.9025495,10.265874499999999,10.478427,0.0,0.0,0.0,8.996066947368421,8.881350184210525,10.115919789473683,0.0,0.0,0.0,10.427358500000002,9.715974342105262,9.630031315789475,0.0,0.0,0.0,8.934182666666667,8.720479333333333,9.943659333333335,0.0,0.0,0.0,10.248711,9.399082666666667,9.366912333333334,0.0,0.0,0.0,against,for
12,d20181111,10.638795,10.73909675,10.556542,0.0,0.0,0.0,11.575779,10.187481,11.190833000000001,0.0,0.0,0.0,9.817987577777778,9.531975583333333,9.71364023888889,0.0,0.0,0.0,10.72793877777778,9.185397861111111,9.959253249999998,0.0,0.0,0.0,10.295580999999999,10.1159875,10.384957125,0.0,0.0,0.0,11.2032055,9.836013,10.68272125,0.0,0.0,0.0,against,against
13,d20181101,11.210226,10.624149,9.600542,0.0,0.0,0.0,10.958868,9.889587,10.000568,0.0,0.0,0.0,10.423120999999998,9.861332157894735,9.029755157894739,0.0,0.0,0.0,9.980060052631579,8.981638426315788,9.18639710526316,0.0,0.0,0.0,10.709239375,10.021749,9.389832499999999,0.0,0.0,0.0,10.4176715,9.24188975,9.5553935,0.0,0.0,0.0,against,against
14,d20181011,11.133505666666666,10.694512333333334,10.993305666666666,0.0,0.0,0.0,10.91174,10.731638666666667,10.960857333333331,0.0,0.0,0.0,9.314350793181818,8.788026667045452,9.103568723863635,0.0,0.0,0.0,8.382543017045453,8.479008295454546,8.756353070454542,0.0,0.0,0.0,9.828631,9.355934,9.585109333333333,0.0,0.0,0.0,8.723926666666665,8.853647666666667,9.059288,0.0,0.0,0.0,against,against
15,d20180926,10.767740666666667,11.578651333333333,10.273605333333334,0.0,0.0,0.0,11.487707333333333,10.451170333333334,10.794433666666668,0.0,0.0,0.0,9.503589865384617,10.247123861538462,8.891555138461538,0.0,0.0,0.0,10.160947557692309,9.484652876923077,9.655543619230768,0.0,0.0,0.0,10.4435381,11.0226735,9.6349314,0.0,0.0,0.0,11.2807648,10.0933208,10.470699100000001,0.0,0.0,0.0,for,for
16,d20180628,10.286294,11.073880666666668,10.415664999999999,0.0,0.0,0.0,10.102368666666667,9.436198333333332,9.428792166666666,0.0,0.0,0.0,8.911190257894738,9.522289689473684,9.029912089473685,0.0,0.0,0.0,8.773705213157896,8.053222047368422,7.9983076526315795,0.0,0.0,0.0,8.584947,9.519882,9.017168,0.0,0.0,0.0,8.578215,7.9848976,7.6318274,0.0,0.0,0.0,against,against
17,d20180626,10.541343666666666,12.070384666666667,10.600745666666667,0.0,0.0,0.0,12.003392,11.647065666666668,11.618118666666668,0.0,0.0,0.0,9.19691880612245,10.018349783673472,9.280811332653064,0.0,0.0,0.0,10.458292663265306,10.25862587959184,10.243242102040815,0.0,0.0,0.0,10.263524,11.663904625,10.53579325,0.0,0.0,0.0,11.682992250000002,11.690756,11.562011875,0.0,0.0,0.0,against,against
18,d20180623,12.771183333333333,10.167892,10.734136333333332,0.0,0.0,0.0,11.099930666666666,9.966032333333333,10.350727333333333,0.0,0.0,0.0,11.19900608974359,8.774458128205127,9.205216994871796,0.0,0.0,0.0,9.481602441025641,8.590974505128205,8.969748479487178,0.0,0.0,0.0,12.013134714285716,9.468691857142858,9.967398571428571,0.0,0.0,0.0,10.475791428571428,9.575409142857142,9.778914,0.0,0.0,0.0,against,against
19,d20180514,13.329637333333332,11.283192666666666,11.47713,0.0,0.0,0.0,10.388592333333333,10.802859166666666,10.216617666666666,0.0,0.0,0.0,11.991712,9.825392938636362,10.351470815909089,0.0,0.0,0.0,8.914674606818183,9.591293343181817,8.712239488636364,0.0,0.0,0.0,12.819593285714287,10.756038857142856,11.257827571428573,0.0,0.0,0.0,9.831328999999998,10.469356285714285,9.699045428571429,0.0,0.0,0.0,for,for
21,d20180421,8.23793485,10.282605875000002,9.87247075,9.122898875,0.0,0.0,9.276119425,10.279661,9.394959725,9.16833,0.0,0.0,7.1071629946428585,8.929296030357145,8.549377626190477,7.906309449404761,0.0,0.0,7.867423598809526,9.026221650000002,7.969270058928575,8.121779236904759,0.0,0.0,7.465865716666666,9.284747166666666,8.742249833333334,8.261816466666666,0.0,0.0,8.2341679,9.293895783333333,8.22752525,8.411293749999999,0.0,0.0,against,against
22,d20180417,9.904522833333333,10.920107333333334,9.105911333333333,11.008391333333334,0.0,0.0,9.793988,10.452119333333334,10.310025666666666,10.764538,0.0,0.0,7.765167464285713,8.349833414285717,7.04234070982143,8.442905378571428,0.0,0.0,8.063021546428569,8.238780516964285,7.962833186607143,8.23921747232143,0.0,0.0,8.317886371428573,8.936879242857144,7.413485385714284,8.910451499999999,0.0,0.0,8.598984407142856,8.786108392857143,8.435014521428572,8.719491785714286,0.0,0.0,against,against
24,d20180309,9.489065333333334,10.057504666666667,10.363152,0.0,0.0,0.0,9.242426,9.544679,10.540214333333333,0.0,0.0,0.0,7.914920368750001,8.360277243750001,8.978313909374997,0.0,0.0,0.0,7.951770778124999,8.18782215,8.448338075,0.0,0.0,0.0,8.646938333333333,9.034764766666667,9.74217625,0.0,0.0,0.0,8.663706183333334,8.83913055,9.418597499999999,0.0,0.0,0.0,against,for
25,d20180206,11.526205666666664,10.043456333333333,10.037182,9.365584333333333,0.0,0.0,10.297638666666666,9.766057666666667,9.974426333333334,9.724205,0.0,0.0,10.343028599999998,9.182564696666667,8.87367236,8.38582965333333,0.0,0.0,8.75530926,8.561208016666667,8.519008276666666,8.510682210000002,0.0,0.0,9.893563823076924,8.871858407692308,8.681328338461539,8.204415876923076,0.0,0.0,8.419787207692307,8.245148807692308,8.384403023076924,8.166944584615385,0.0,0.0,against,against
26,d20171207,10.212737666666667,11.840344,11.950769666666666,0.0,0.0,0.0,10.3036105,10.692628,10.994146,0.0,0.0,0.0,9.005593426829268,10.058663821951223,10.27016695121951,0.0,0.0,0.0,8.762404302439025,8.968375175609756,9.635912836585366,0.0,0.0,0.0,9.05577106,10.0312526,10.20644834,0.0,0.0,0.0,8.769865800000002,8.8653224,9.6640784,0.0,0.0,0.0,against,against
27,d20171024,9.306019333333333,10.499201333333334,9.502589,10.752218,0.0,0.0,10.892203333333333,10.881336,9.881293,9.829261333333335,0.0,0.0,7.537139059154929,8.720491240140849,7.682320025352113,8.477681797887328,0.0,0.0,8.491623802112674,8.783731275352114,8.179523324647887,7.690797793661968,0.0,0.0,8.66312525,10.159276,8.867462,10.09228825,0.0,0.0,10.089106125,10.24201025,9.3192365,9.215409,0.0,0.0,for,for
28,d20171003,9.957158,10.142872,11.043248,10.251784,0.0,0.0,11.364547,10.578608,11.487169,11.126862,0.0,0.0,8.108474210638297,8.488944482978722,9.341322536170212,8.742682802127662,0.0,0.0,9.461807661702128,8.787795099999999,9.569788806382979,9.35330124893617,0.0,0.0,8.643172999999999,8.890242116666666,9.942787833333334,9.041550833333334,0.0,0.0,9.86916705,9.246398616666667,10.264041566666666,9.834045833333333,0.0,0.0,for,for
29,d20170928,10.323220625,9.850114375,9.63021875,10.320083,0.0,0.0,10.4394145,10.38562,9.149023,10.37131875,0.0,0.0,8.756943625000002,8.694401988999997,8.280050358,8.614242115000001,0.0,0.0,9.266789244000003,9.229509060999996,7.953951267999997,9.027621591000003,0.0,0.0,8.743808,8.461907928571428,8.2086226,8.5479478,0.0,0.0,9.10843562857143,9.161095428571429,7.921037328571428,8.961198385714285,0.0,0.0,against,against
30,d20170606,11.631580666666666,10.504636,10.582466666666667,11.403218500000001,0.0,0.0,12.652792,11.299824666666666,10.400738666666667,11.271688666666668,10.433413333333334,0.0,11.087507913793104,9.536198793103452,10.149712017241383,10.521258568965516,0.0,0.0,11.996278137931034,10.56291374137931,9.72358595172414,10.59204448275862,9.84058725862069,0.0,10.16448694,8.8194876,9.43138316,9.918744199999999,0.0,0.0,11.060501,9.77011992,8.989752200000002,9.883201640000001,9.140825060000001,0.0,against,for
31,d20170510,11.319749999999999,10.592296666666666,9.903623333333334,11.866035333333334,0.0,0.0,10.391382333333334,11.980426,9.999106,10.246559666666666,0.0,0.0,10.259161653846153,10.029841903846151,9.077042192307694,11.4436785,0.0,0.0,9.391524500000003,10.189075846153846,9.434409,9.534850192307694,0.0,0.0,10.3457635,10.55862275,9.26415575,11.729448625,0.0,0.0,9.81143925,10.52396375,9.6504205,9.60681275,0.0,0.0,for,for
32,d20170406,9.874058499999999,10.047016666666666,9.407102333333333,10.844291,0.0,0.0,10.067511000000001,10.994651833333334,11.105481,10.176029666666667,0.0,0.0,9.009271992307692,8.945837894871797,8.583015438461537,10.06278303846154,0.0,0.0,9.425851987179486,10.05222176923077,9.950371064102562,9.369817205128205,0.0,0.0,9.21102325,9.454539125,8.94187325,10.268451625,0.0,0.0,10.006159,10.4374455,10.515876250000002,9.662909,0.0,0.0,for,against
33,d20170322,10.136510000000001,10.618096666666666,11.658229666666665,0.0,0.0,0.0,10.196173333333332,10.877609666666666,10.615633666666668,0.0,0.0,0.0,8.91507669361702,9.18023080851064,10.224213282978722,0.0,0.0,0.0,9.020984702127663,9.553124870212766,9.379940919148934,0.0,0.0,0.0,9.996951750000001,10.36552825,11.515995,0.0,0.0,0.0,9.978317375,10.5103085,9.928775000000002,0.0,0.0,0.0,against,against
35,d20170208,11.949087333333333,10.746812333333333,10.528581333333333,0.0,0.0,0.0,10.370511666666665,10.378069833333335,10.628148999999999,0.0,0.0,0.0,10.44923454807692,9.054464757692308,9.033110584615384,0.0,0.0,0.0,9.29166775,8.45384693653846,8.719309523076925,0.0,0.0,0.0,11.659617599999999,10.141651800000002,10.1065295,0.0,0.0,0.0,10.2905476,9.6560734,9.829826299999999,0.0,0.0,0.0,against,against
36,d20170201,11.780909,12.103281,11.149744,0.0,0.0,0.0,10.375717,10.8438015,9.168995,0.0,0.0,0.0,9.707502134666667,9.764893521333333,8.819062051999996,0.0,0.0,0.0,8.32606961066667,8.752549029333329,7.5093730573333355,0.0,0.0,0.0,11.25494325,11.189026,10.21835375,0.0,0.0,0.0,9.659073125,10.11799125,8.5784345,0.0,0.0,0.0,against,against
37,d20170111,0,0,0,0,0,0,0,0,0,0,0,0,0,0,0,0,0,0,0,0,0,0,0,0,0,0,0,0,0,0,0,0,0,0,0,0,against,undecided
38,d20161207,10.771378333333333,10.398617,11.166128666666665,0.0,0.0,0.0,10.835444666666666,11.292081333333334,10.850932333333333,0.0,0.0,0.0,9.792918853658538,9.676710707317074,10.173403634146341,0.0,0.0,0.0,10.121434339024388,10.232764951219512,10.083260078048777,0.0,0.0,0.0,9.9997335,9.699060625,10.272573249999999,0.0,0.0,0.0,10.31050025,10.6001075,10.289603,0.0,0.0,0.0,against,against
39,d20161129,11.476920999999999,11.609654999999998,10.928788666666668,10.058987499999999,0.0,0.0,10.984526666666667,9.948982,11.038618166666666,10.429554666666666,0.0,0.0,9.943394873584904,10.35321453773585,9.981630209433963,8.742289824528301,0.0,0.0,9.879890205660379,9.017082569811322,9.763443988679242,9.06285182264151,0.0,0.0,10.922783249999998,11.0352325,10.4032415,9.454407000000002,0.0,0.0,10.60556875,9.516051375,10.648414125,10.131915249999999,0.0,0.0,for,for
40,d20161114,11.111903333333332,11.338523666666667,11.071462666666667,0.0,0.0,0.0,11.545536,11.361108666666667,11.181790999999999,11.288393,0.0,0.0,10.263547937500002,10.717654562499998,10.4600000625,0.0,0.0,0.0,10.943837375000001,10.832704125,10.601083156249999,10.8104040625,0.0,0.0,10.68903675,11.061215500000001,10.5322375,0.0,0.0,0.0,11.044597,10.751224,10.923060000000001,10.803041000000002,0.0,0.0,against,against
41,d20161026,10.593979666666668,10.554592999999999,10.066459666666667,10.788765333333336,10.431561666666667,0.0,10.75768,10.3823565,11.925272999999999,9.850723666666665,9.93806,0.0,9.367959517283952,9.038781566666664,8.521516028395066,9.358157171604933,9.326700432098763,0.0,9.3943092,9.173665496296296,10.33747963950617,8.119440975308644,8.596918071604936,0.0,10.14747925,10.28607875,9.414418125,10.229302125,10.16735375,0.0,10.42724175,10.009442,11.435827,8.657408,9.2986755,0.0,against,against
42,d20161013,11.1500985,11.304724,10.682618333333332,11.447745333333332,0.0,0.0,10.551952833333333,9.884942,10.823451333333333,11.495179,0.0,0.0,10.101780687878788,10.035710925757577,9.536894665151518,9.897210327272727,0.0,0.0,9.536736730303033,8.848780763636363,9.384521136363638,10.38376645909091,0.0,0.0,9.924158,9.772803340000001,9.11632034,9.6591636,0.0,0.0,9.4711471,8.703200200000001,9.35985746,10.1930916,0.0,0.0,against,for
43,d20160913,10.782674333333333,9.584899666666667,10.737549333333334,0.0,0.0,0.0,10.149682333333333,8.859048000000001,10.971989333333333,0.0,0.0,0.0,9.904589211538461,9.097594403846152,9.93627001923077,0.0,0.0,0.0,9.582958134615385,8.111275842307693,10.429801576923072,0.0,0.0,0.0,10.38737525,9.051251999999998,10.2521905,0.0,0.0,0.0,9.997366249999999,8.422765625,10.716032,0.0,0.0,0.0,for,for
44,d20160907,9.920386333333333,10.902388833333333,9.93321,10.241599333333333,9.839068666666668,0.0,10.465383,9.943259333333332,10.870638666666666,11.015344333333331,10.743115000000001,0.0,9.30076614,10.242813036666666,9.279197796666667,9.56579878,8.7359368,0.0,9.518380756666664,9.222089453333336,9.852118113333335,10.139842066666667,10.078384539999998,0.0,10.02809825,10.942125,10.324287875,10.10641625,9.46539725,0.0,10.1884955,10.310904749999999,10.53298375,10.837362375,10.992382500000001,0.0,against,for
45,d20160608,9.946414666666668,10.700302666666667,12.05719,10.429887666666666,10.715591666666668,0.0,10.053560666666666,10.430337333333332,10.665910333333334,11.464576333333333,11.068057666666666,0.0,9.287129539999999,9.876701315000002,10.962572025000002,9.01909502,10.18675713,0.0,9.492770874999998,9.492206685000001,9.819786005,10.531185924999999,10.593481579999999,0.0,9.7235775,10.20217125,11.2301615,9.469308250000001,10.36348575,0.0,9.863121249999999,10.11473975,10.291551875,10.796056,10.94005525,0.0,against,against
46,d20160504,9.851123,9.683938666666668,12.168346333333332,11.750417333333333,0.0,0.0,11.614866333333334,10.520335666666666,11.857175,11.419574333333335,0.0,0.0,8.682858057142859,8.795293288571429,10.98778212857143,10.628810414285713,0.0,0.0,10.661740157142853,9.647001300000001,10.951229000000001,10.419431328571429,0.0,0.0,9.164503,9.42717275,11.918534000000001,11.358701499999999,0.0,0.0,11.014163,10.1593995,11.5208385,10.9328115,0.0,0.0,against,against
47,d20160406,10.034035000000001,10.742256166666666,9.080231,0.0,0.0,0.0,10.595886,11.125843666666666,10.251341666666667,0.0,0.0,0.0,9.04933346551724,9.898072337931035,8.35168682413793,0.0,0.0,0.0,9.420409413793106,9.951487155172414,9.334923334482761,0.0,0.0,0.0,9.525495666666666,10.080482666666667,8.970749,0.0,0.0,0.0,9.816778,10.054284,9.381943666666666,0.0,0.0,0.0,against,against
48,d20160309,11.6375995,10.986549,10.2765535,10.458451,0.0,0.0,11.05344,10.45067325,10.8264925,11.221160000000001,0.0,0.0,10.931033107142857,10.145771475,9.554281510714286,9.588419964285716,0.0,0.0,10.308217517857143,9.440876339285712,10.169102339285713,10.424272785714283,0.0,0.0,11.21854175,10.25601675,9.75266725,9.661311874999999,0.0,0.0,10.875914250000001,9.8961335,10.284141,10.85016475,0.0,0.0,for,for
49,d20160301,11.492142666666666,10.208177916666667,10.43878375,0.0,0.0,0.0,10.861573666666667,10.5534995,11.126084999999998,0.0,0.0,0.0,10.455863541025641,9.311611015384617,9.649153884615384,0.0,0.0,0.0,9.767506397435897,9.627625307692309,10.253727782051282,0.0,0.0,0.0,11.78966225,10.28399375,10.57417325,0.0,0.0,0.0,10.944995,10.538024750000002,10.9792195,0.0,0.0,0.0,for,for
50,d20160203,8.761276,10.501556,11.118933,0.0,0.0,0.0,10.453018,8.957956,10.309352,0.0,0.0,0.0,9.001937437499999,10.559226718749999,10.826395500000002,0.0,0.0,0.0,10.2183828125,9.223601937500002,10.034357000000002,0.0,0.0,0.0,8.581405,11.085161,10.863736,0.0,0.0,0.0,10.398605,9.266968,10.415666,0.0,0.0,0.0,against,against
51,d20160113,10.992661499999999,9.699665666666666,9.807365,0.0,0.0,0.0,11.275927333333334,11.520017666666666,11.860097333333334,0.0,0.0,0.0,9.814783086956519,9.110160417391306,8.728656082608696,0.0,0.0,0.0,10.744150804347825,10.880022565217391,11.173041478260869,0.0,0.0,0.0,10.266752499999999,9.47448025,9.211802249999998,0.0,0.0,0.0,11.12536525,11.446427,11.38690125,0.0,0.0,0.0,for,for
52,d20151203,10.495633666666668,10.2431305,10.87706,0.0,0.0,0.0,11.627860666666669,11.452574666666665,11.151448333333333,0.0,0.0,0.0,8.219003801960781,8.517732929411764,9.19187936862745,0.0,0.0,0.0,9.737875339215684,10.31785958431373,9.709564690196078,0.0,0.0,0.0,9.67948925,9.69017625,10.473614375,0.0,0.0,0.0,11.047896000000001,11.238595499999999,10.792350250000002,0.0,0.0,0.0,against,against
53,d20151118,11.78403,11.996636,10.918633,0.0,0.0,0.0,11.442011,10.926073,10.095412,11.697707,0.0,0.0,10.450958571428572,10.454117273809524,9.702575923809526,0.0,0.0,0.0,10.428663285714284,9.455996342857143,8.72281432857143,10.353465592857145,0.0,0.0,11.118227666666668,10.676082333333333,9.860022333333333,0.0,0.0,0.0,10.736681666666668,9.975464833333334,8.926639333333332,10.845187333333334,0.0,0.0,against,against
54,d20151110,9.935513666666667,10.276406666666666,10.774101666666667,0.0,0.0,0.0,12.151885666666665,11.370134,10.048194333333333,0.0,0.0,0.0,9.326357404761904,9.959175404761904,10.055656738095237,0.0,0.0,0.0,11.463266714285718,10.946239714285712,9.740307357142857,0.0,0.0,0.0,9.52030275,10.305609999999998,10.28039575,0.0,0.0,0.0,11.93838575,11.273236749999999,9.724617875,0.0,0.0,0.0,against,for
55,d20151102,8.797534333333333,10.702710333333334,10.136310333333334,10.794037000000001,0.0,0.0,10.230599666666668,10.500680333333333,10.062940666666668,10.804539999999998,0.0,0.0,8.64488605882353,10.326198764705882,9.851212411764706,10.135949823529414,0.0,0.0,9.757762294117647,9.861058529411764,9.701807764705881,10.608812470588234,0.0,0.0,8.31887635,10.09684475,9.6415865,10.49815775,0.0,0.0,9.71130425,9.730250499999999,9.585859124999999,10.47367425,0.0,0.0,for,against
56,d20151027,9.809922333333333,9.516712166666666,11.471377333333335,11.401865999999998,0.0,0.0,11.940803,10.764324666666667,11.176016333333335,11.124506333333334,0.0,0.0,8.972038197826086,8.62823051304348,10.331696695652177,10.296900054347825,0.0,0.0,10.731397958695652,9.936271108695651,9.93915597826087,10.058680195652173,0.0,0.0,9.46616775,9.1043445,10.9170975,10.878974,0.0,0.0,11.670409,10.527624,10.429157,10.740375125,0.0,0.0,for,for
57,d20151014,11.598481833333333,9.8843515,10.997823666666667,0.0,0.0,0.0,11.360620666666668,12.209724333333334,11.752359999999998,0.0,0.0,0.0,9.881880286206897,8.397250372413794,9.214849672413795,0.0,0.0,0.0,9.494158612068965,10.796447706896554,10.143711874137928,0.0,0.0,0.0,11.020248,9.275406,10.39053225,0.0,0.0,0.0,10.86702,11.971957,11.30014325,0.0,0.0,0.0,against,against
58,d20150916,9.2329988,11.067203499999998,10.14377065,0.0,0.0,0.0,9.75070625,8.9140139,11.206077,0.0,0.0,0.0,8.874180193333334,10.563553983333332,9.751775990000002,0.0,0.0,0.0,9.189377686666663,8.677271366666666,11.046435716666663,0.0,0.0,0.0,9.26302525,11.066093250000002,10.134489250000001,0.0,0.0,0.0,9.844177250000001,9.0483865,11.5223615,0.0,0.0,0.0,against,for
60,d20150602,10.292303333333335,11.284662666666668,10.359194666666667,9.4700745,0.0,0.0,8.834916333333334,10.580476666666668,11.865194,0.0,0.0,0.0,9.256512583333334,10.759125916666669,10.156316666666665,8.974959816666667,0.0,0.0,8.228622916666668,9.836427875,11.370994541666667,0.0,0.0,0.0,9.739111000000001,10.93175875,10.292196999999998,9.537176625,0.0,0.0,8.69832025,10.17130525,11.58899525,0.0,0.0,0.0,against,for
61,d20150526,11.478032,13.02279925,11.020391,0.0,0.0,0.0,10.517164000000001,10.711496499999999,11.106838499999999,0.0,0.0,0.0,10.148699588524591,11.010121022950818,9.6510262147541,0.0,0.0,0.0,8.787786455737706,9.292310096721312,9.415566432786884,0.0,0.0,0.0,10.9792645,11.93970275,10.42398075,0.0,0.0,0.0,9.64145225,10.25257,10.558265500000001,0.0,0.0,0.0,against,for
62,d20150513,9.0372735,11.126687,9.5793635,9.523437,9.5155985,0.0,9.5616105,9.9937995,10.6287775,9.642266500000002,0.0,0.0,8.703535804545453,10.624940322727271,9.429810747727272,9.008059611363638,9.261285568181819,0.0,8.990970525,9.264143550000002,9.910699968181818,9.099271029545454,0.0,0.0,9.401214249999999,11.342649125,10.22773475,9.75930675,9.973483375,0.0,9.85527775,10.40956175,10.891752624999999,9.8040615,0.0,0.0,for,for
63,d20150415,11.740599,8.510434,10.159939,11.024613,10.966041,0.0,10.852542,10.673152,11.847377,10.555704,10.836989,0.0,10.204244586666665,7.343275206666667,8.072606,9.621860993333334,9.27760896,0.0,8.969161813333335,9.113510083333333,10.286873556666666,9.097856203333334,8.881440706666668,0.0,11.550005500000001,8.740589,9.339579,10.6936725,10.655142999999999,0.0,10.52683,10.3432,11.4567965,9.9126245,10.350034,0.0,against,for
64,d20150331,9.673505500000001,11.048975250000002,9.70164475,0.0,0.0,0.0,10.329274,10.4158175,9.2362025,9.267494874999999,0.0,0.0,8.060166326923078,9.464653938461538,8.342148326923077,0.0,0.0,0.0,8.182184217307691,9.20955876153846,8.203601271153847,8.00481815769231,0.0,0.0,9.344507749999998,10.583979374999998,9.1340365,0.0,0.0,0.0,9.388242,10.21645175,9.429727000000002,9.2861635,0.0,0.0,against,undecided
65,d20150311,10.235561666666666,10.189446333333333,11.766486333333333,0.0,0.0,0.0,8.784676666666668,10.343698000000002,10.156152333333333,0.0,0.0,0.0,8.98255541142857,9.013833822857146,10.568273179999997,0.0,0.0,0.0,7.673757780000001,9.39071264857143,9.129167251428573,0.0,0.0,0.0,10.744394,10.0794085,11.37279466666667,0.0,0.0,0.0,9.093523333333335,10.2020275,10.034554333333334,0.0,0.0,0.0,against,against
66,d20150224,10.409547375,9.86260975,10.591568500000001,0.0,0.0,0.0,11.1488425,10.30535325,11.77765875,0.0,0.0,0.0,9.0932819975,8.4135549375,9.1469911575,0.0,0.0,0.0,10.316888314999998,8.893486942500001,9.640981712499997,0.0,0.0,0.0,10.354900999999998,9.57767125,10.436169,0.0,0.0,0.0,11.354578375000001,10.290305499999999,11.707601125,0.0,0.0,0.0,for,for
67,d20150211,9.45776725,10.26795875,11.77818325,9.426556999999999,0.0,0.0,9.84743725,10.18011675,12.806971999999998,10.11404525,0.0,0.0,8.391923889130435,8.432737434782608,10.64806731521739,8.396154669565218,0.0,0.0,8.907669180434784,9.164996282608696,11.605258221739128,8.794858554347828,0.0,0.0,8.76114932,8.762486999999998,11.153030000000001,8.60072,0.0,0.0,9.15424372,9.49802964,11.9436146,9.246745700000002,0.0,0.0,for,against
68,d20150115,10.367485333333333,11.198445666666666,10.6134755,0.0,0.0,0.0,12.213070333333334,10.650269333333332,9.967073333333333,0.0,0.0,0.0,9.54936174782609,10.248932915217392,9.444629913043478,0.0,0.0,0.0,11.162715249999996,9.86792322826087,9.027015126086956,0.0,0.0,0.0,10.016365375,10.77801775,10.039312749999999,0.0,0.0,0.0,11.864192000000001,10.285231750000001,9.2254255,0.0,0.0,0.0,against,for
69,d20141203,9.748814499999998,9.05645,10.453096500000001,0.0,0.0,0.0,11.939788499999999,9.108464825,9.5197764,0.0,0.0,0.0,9.643907225806451,8.54604605483871,10.022068048387096,0.0,0.0,0.0,12.129875774193547,8.529485261290324,9.55919079032258,0.0,0.0,0.0,10.110670249999998,9.562866000000001,10.71033,0.0,0.0,0.0,12.185239375,9.420729625,9.932246625000001,0.0,0.0,0.0,for,for
70,d20141113,12.576386333333332,10.525622,12.079151166666668,11.130077,0.0,0.0,11.003173333333335,11.136654666666667,9.748914666666666,11.603546333333334,0.0,0.0,11.131334607142858,9.282957524999999,11.070053267857144,9.845786785714283,0.0,0.0,9.832072885714286,10.330546071428573,8.424937975,10.594884642857142,0.0,0.0,12.191611125000001,9.700289875000001,11.37619575,10.208790500000001,0.0,0.0,10.461296,10.331576,9.13932675,11.22158625,0.0,0.0,against,for
71,d20141022,11.325367875,10.005928749999999,10.83625525,10.25117075,0.0,0.0,10.86540825,10.908134500000001,10.77037375,0.0,0.0,0.0,10.548030259999997,9.0514012,10.2718201,9.38681608,0.0,0.0,10.09247926,9.29874044,10.23154006,0.0,0.0,0.0,10.759743,9.652015666666665,10.641597500000001,9.7915045,0.0,0.0,10.576232000000001,9.982604333333333,10.611856000000001,0.0,0.0,0.0,against,against
72,d20141007,11.176905666666668,10.435457999999999,11.495285999999998,0.0,0.0,0.0,9.820028666666667,10.782808666666668,10.710544666666669,0.0,0.0,0.0,10.041305675,9.527528157142854,10.532055535714287,0.0,0.0,0.0,8.963116821428569,9.769099446428573,9.61837634642857,0.0,0.0,0.0,11.26118075,10.2916645,11.9062245,0.0,0.0,0.0,9.5566715,10.334324500000001,10.473482749999999,0.0,0.0,0.0,for,against
73,d20140930,9.392329666666667,11.244048000000001,11.101123000000001,0.0,0.0,0.0,11.488504,12.88136,10.083895,9.728759,0.0,0.0,8.50836526923077,10.297295874358975,10.068508051282052,0.0,0.0,0.0,10.550928707692307,11.877354038461537,9.50381473076923,8.854297407692306,0.0,0.0,9.065612625,10.99014625,10.99298075,0.0,0.0,0.0,11.200759999999999,12.5358735,10.146974499999999,9.579900749999998,0.0,0.0,for,undecided
74,d20140909,11.094955666666666,9.533690666666667,10.806925333333334,10.598319333333334,0.0,0.0,8.566309333333335,11.614325,10.474681666666667,11.725724666666666,0.0,0.0,9.85849711764706,8.633820029411766,9.763562002941178,9.576542749999998,0.0,0.0,7.84093959117647,10.800671088235292,9.445287761764705,10.49921948529412,0.0,0.0,9.66859475,8.321005,9.77743275,9.439039,0.0,0.0,7.57256175,10.581081,9.019249625,10.58995025,0.0,0.0,for,for
75,d20140626,9.812665666666666,10.293156666666667,9.352522,8.403189333333334,0.0,0.0,10.800107833333334,9.237914666666667,10.560806,9.967205333333334,0.0,0.0,7.854790428260867,8.462494821739131,7.97210378478261,7.198237765217392,0.0,0.0,9.325898232608697,8.127797439130434,9.46769503695652,8.765141480434783,0.0,0.0,8.776284,9.703611,9.001833,8.386292375,0.0,0.0,10.474477875,9.3997645,10.45780925,9.963086,0.0,0.0,against,for
76,d20140507,9.7816395,10.2813395,11.1165475,0.0,0.0,0.0,11.218916,10.038927000000001,10.7831385,0.0,0.0,0.0,8.983795050000001,9.472810003846153,10.093422807692308,0.0,0.0,0.0,10.019567892307693,9.351889007692305,9.56954190769231,0.0,0.0,0.0,9.649156999999999,10.0284925,10.341250500000001,0.0,0.0,0.0,11.193197000000001,9.910288999999999,9.909142,0.0,0.0,0.0,against,against
77,d20140409,11.502142,9.676195,11.436255,0.0,0.0,0.0,9.926207,10.28949,10.512685,0.0,0.0,0.0,10.183414142857144,8.783632942857144,10.745343285714286,0.0,0.0,0.0,9.207543857142857,8.967957814285713,9.290398499999998,0.0,0.0,0.0,11.435257,9.539518,11.17014,0.0,0.0,0.0,9.755329,9.554991,10.435509,0.0,0.0,0.0,for,for
78,d20140402,9.373230999999999,10.16778,11.658431666666667,0.0,0.0,0.0,11.630499333333333,8.704456666666665,9.962156333333333,0.0,0.0,0.0,9.246114188461538,9.573734173076925,11.488412576923078,0.0,0.0,0.0,11.272222903846155,8.491982846153846,9.743337,0.0,0.0,0.0,9.342107250000002,9.72544875,11.63927175,0.0,0.0,0.0,11.495292500000001,8.779860075,9.9556725,0.0,0.0,0.0,for,undecided
79,d20140312,9.976764000000001,11.49633,10.553212166666667,8.073552966666666,0.0,0.0,9.601689666666667,10.330066333333333,9.769866,0.0,0.0,0.0,9.871701499999999,11.191937738095238,9.753118238095238,8.022329395238096,0.0,0.0,9.360635023809524,10.154306190476191,9.151313333333334,0.0,0.0,0.0,10.249227666666668,11.624921,10.067213333333333,8.3419948,0.0,0.0,9.651461333333332,10.459270333333334,9.293947333333334,0.0,0.0,0.0,against,against
80,d20140305,9.929941333333334,9.653357999999999,10.253029333333332,0.0,0.0,0.0,9.703224,10.8432915,10.958497666666666,0.0,0.0,0.0,8.559751882608694,8.34154865,8.601950728260869,0.0,0.0,0.0,8.748419876086956,9.67866683695652,9.682163291304347,0.0,0.0,0.0,9.709158666666665,9.414030333333335,9.500774999999999,0.0,0.0,0.0,9.599147333333333,10.630061,10.673546666666667,0.0,0.0,0.0,for,for
81,d20140227,10.07313425,10.367145924999999,10.36763425,9.609694999999999,0.0,0.0,11.713227625,10.288904125,9.579022174999999,10.238291324999999,0.0,0.0,9.869424110526314,9.489318447368422,9.529778263157896,9.207073757894738,0.0,0.0,11.304641052631576,9.66664516842105,8.775743910526316,9.713674552631579,0.0,0.0,10.737608000000002,10.3787825,10.493492499999999,10.038868125,0.0,0.0,12.1374905,10.508812875,9.726702625,10.6796485,0.0,0.0,for,for
82,d20140212,9.335265666666666,10.195252833333333,9.209338333333333,0.0,0.0,0.0,9.783156666666665,10.417317666666667,10.521921999999998,0.0,0.0,0.0,7.944897623214288,8.972072932142854,8.078079623214286,0.0,0.0,0.0,8.560999857142855,9.3199948375,9.19818005714286,0.0,0.0,0.0,9.128945,10.260336666666666,8.977809,0.0,0.0,0.0,9.816885833333332,10.411152666666666,10.505092,0.0,0.0,0.0,for,for
83,d20140115,10.617871333333333,9.973600666666668,11.584544999999999,9.874592666666667,11.138922333333333,0.0,10.294169666666667,10.238061000000002,10.955435999999999,10.959847333333334,9.999296333333334,0.0,9.136546979245283,8.944237049056603,10.3002269245283,8.639961403773585,10.078788677358489,0.0,9.289911492452834,8.48162373396226,9.728899666037735,9.797631458490565,9.050655843396225,0.0,10.3549825,9.810683749999999,11.1883075,9.610494500000001,10.9144835,0.0,10.053296125000001,9.460017,10.63582725,10.676808,9.904668749999999,0.0,for,undecided
84,d20131204,10.352684333333334,10.714119333333334,9.833620000000002,0.0,0.0,0.0,11.300055999999998,12.265578666666668,12.504138,10.735456,0.0,0.0,8.34577872970297,8.903188114851487,7.7775891178217815,0.0,0.0,0.0,9.432135317821784,9.871437512871287,10.388556723762381,8.500015778217817,0.0,0.0,10.05191825,10.16795125,9.362584,0.0,0.0,0.0,10.883448,11.7328665,11.963498249999999,10.25334575,0.0,0.0,for,against
85,d20131120,10.2700285,9.255771750000001,9.368586,10.2690865,0.0,0.0,11.696391,10.45029725,10.474827000000001,11.285984,0.0,0.0,9.73698503125,8.099797296875,8.583871406250001,9.344821546875004,0.0,0.0,10.927673671874999,9.44246485,9.66402475,10.30331334375,0.0,0.0,10.272489,8.50716175,9.15479225,10.043336374999999,0.0,0.0,11.554790749999999,10.01206475,10.102797875,10.803366375,0.0,0.0,against,for
86,d20131114,10.468148666666666,10.814012,11.358858833333334,10.055660666666666,0.0,0.0,10.560824333333334,11.236025666666668,10.146924666666667,9.667675000000001,0.0,0.0,8.920669488571432,9.438811398571428,10.032429437142858,9.058412809999997,0.0,0.0,9.040811242857146,9.833987297142857,8.711184890000002,8.440577494285714,0.0,0.0,9.444970000000001,9.7461105,10.326566249999999,9.36831075,0.0,0.0,9.166561375,10.16013575,8.9842338,8.7851745,0.0,0.0,for,against
87,d20131030,10.426077666666666,9.642838666666668,10.201960999999999,10.659715666666665,0.0,0.0,10.314314000000001,10.411153999999998,10.314785,11.223441666666666,9.977593333333333,0.0,8.883688936249998,8.22123601875,8.402598421250001,8.751973478749997,0.0,0.0,8.37594629375,9.186457218750002,8.94607415875,9.730748335000003,8.574721378750002,0.0,10.154333999999999,9.62810025,9.897366000000002,10.667842,0.0,0.0,9.86056,10.3539235,10.252574,11.371201000000001,9.79793775,0.0,against,against
88,d20131018,8.7757106,9.319904600000001,10.1260936,11.6232294,6.43603744,0.0,9.74827448,6.20774668,9.49240786,9.4906239,8.71678274,0.0,8.328535550000003,8.910096655263157,9.678031934210525,11.35342150526316,6.118822755263158,0.0,9.241141421052632,5.525544357894736,9.125488173684209,9.04722443947368,8.349970239473686,0.0,8.972709666666667,8.999223333333333,10.113684333333333,12.272095333333333,6.458408833333333,0.0,9.702240000000002,6.002938033333334,9.476607666666666,9.786116999999999,8.889647333333334,0.0,for,for
89,d20131016,9.44827375,11.597912,9.98996425,9.579875000000001,0.0,0.0,10.1727275,11.23841625,10.0733865,10.526697500000001,0.0,0.0,7.804012187499999,10.007674285227274,8.609891399999999,8.267165707954542,0.0,0.0,8.490271097727273,9.379537588636365,8.659695146590906,9.0287437375,0.0,0.0,8.9740794,11.12594125,9.546349249999999,9.165309749999999,0.0,0.0,9.69313775,10.46648325,9.50540625,10.19499075,0.0,0.0,against,undecided
90,d20130910,11.615293666666666,10.022696333333334,11.326585833333333,0.0,0.0,0.0,10.384133333333333,11.3461345,9.823316333333333,0.0,0.0,0.0,10.6847141,9.3078879,10.17187555,0.0,0.0,0.0,8.919339990000001,10.33436385,8.86774045,0.0,0.0,0.0,10.447391108108109,9.189275956756756,10.052106108108108,0.0,0.0,0.0,9.010294718918917,10.25450162162162,8.79288114054054,0.0,0.0,0.0,against,against
92,d20130619,10.830423666666666,9.914916,11.905953666666667,10.847878166666666,0.0,0.0,10.684101666666669,11.464017333333333,10.221617,10.580035666666666,0.0,0.0,10.083607568749999,8.917605025,11.204982190625,9.805757778125,0.0,0.0,9.682109000000002,10.596078299999999,9.208430990624999,9.934155087499999,0.0,0.0,10.36128825,9.20353325,11.283204000000001,10.28696475,0.0,0.0,10.0317255,10.757292,9.67022575,10.074409875,0.0,0.0,for,undecided
93,d20130508,9.58424,11.70698,9.872123,10.376932,0.0,0.0,11.342209,9.957633,11.223868,10.334237,0.0,0.0,9.19703192972973,11.037479243243245,9.318808681081082,9.796563129729726,0.0,0.0,10.816792716216218,9.076869448648647,10.446679945945949,9.832634581081079,0.0,0.0,9.348634749999999,11.234443249999998,9.528613750000002,10.1208735,0.0,0.0,11.123806250000001,9.211067250000001,10.758860250000001,9.98906875,0.0,0.0,for,undecided
94,d20130417,11.684906374999999,10.132009,9.9197305,11.086641749999998,0.0,0.0,10.345492375000001,9.7786695,10.206885,9.366479375,0.0,0.0,10.029264082608693,8.431654202898551,7.964151589855072,9.624712582608698,0.0,0.0,8.923350968115944,8.403511924637682,8.871396940579713,7.862560628985503,0.0,0.0,11.235654,9.598203250000001,9.579486249999999,10.98345125,0.0,0.0,9.830751875,9.75989325,9.8854365,9.20823325,0.0,0.0,against,undecided
95,d20130403,11.262981666666667,12.081682666666666,10.629987999999999,11.095726666666666,0.0,0.0,9.872950166666667,10.418798333333333,9.696088666666666,0.0,0.0,0.0,9.60219086190476,10.146598319047618,9.264315354761903,9.409858692857146,0.0,0.0,8.603914585714287,8.913863807142857,7.881959707142859,0.0,0.0,0.0,10.399023999999999,11.519687750000001,10.089524,10.747212,0.0,0.0,9.890777,10.002493999999999,9.593277875,0.0,0.0,0.0,against,against
96,d20130313,11.1258355,11.912533,10.817988,10.2892735,0.0,0.0,10.873598000000001,10.715211625000002,11.94649725,10.469631249999999,0.0,0.0,10.021622955555557,10.882349476388889,9.554344706944448,8.8947048,0.0,0.0,9.58286017222222,9.264271797222223,10.528670665277778,9.196765055555556,0.0,0.0,11.057408624999999,11.778471499999998,10.365671500000001,9.781123749999999,0.0,0.0,10.626230999999999,10.158249750000001,11.552712,10.03506475,0.0,0.0,for,against
97,d20130213,10.693100249999999,9.548068375000001,9.03978575,0.0,0.0,0.0,11.41459675,10.11925975,12.24144375,11.697785,9.91842675,0.0,9.827929229999999,9.109359474999996,8.370728982500001,0.0,0.0,0.0,10.569297577499999,9.561725349999998,11.5333818125,10.884688712500003,8.8742741625,0.0,10.190213749999998,9.2110225,8.8161715,0.0,0.0,0.0,10.753404999999999,9.944625499999999,11.793332375,11.061703000000001,9.22420275,0.0,against,against
98,d20130116,10.329295,11.04418975,11.47654475,10.042229125,12.669295,11.69687925,10.243755375,11.21865025,11.2734485,11.1240235,0.0,0.0,9.158664132876718,9.536401156164382,10.074040028767122,8.499821899999997,11.199666776712332,10.161649421917808,8.553827957534248,9.533757220547947,9.74255487260274,9.874381128767123,0.0,0.0,10.4637305,10.6113855,11.50056375,9.610178750000001,12.62412325,11.44754975,10.086108750000001,11.025868000000001,10.78361125,11.176282250000002,0.0,0.0,against,undecided
99,d20121205,11.74477275,11.214603,10.961606249999999,10.0977705,0.0,0.0,11.633093500000001,12.63514225,10.745698375,11.0391465,10.581364,0.0,10.633499590277781,10.003454530555556,9.863220508333335,9.095914965277776,0.0,0.0,10.389714270833338,11.183959148611114,9.706478638888889,10.112366424999998,9.43248670972222,0.0,11.490871124999998,11.109447750000001,10.73910775,9.93151825,0.0,0.0,11.340737125,12.493984999999999,10.47521725,10.96811725,10.300194125,0.0,for,against
100,d20121114,10.413623999999999,11.074777000000003,10.154145,9.494490666666668,9.405166,0.0,9.828833666666666,9.468325333333333,9.700031000000001,9.919255,10.695177666666666,0.0,9.318261506249998,9.889608283333333,8.5631667,8.308645485416667,8.2548513125,0.0,8.441056547916668,8.497270966666665,8.11633798125,8.91239836458333,9.477166991666666,0.0,9.69747675,10.623399875,9.191436125000001,8.806615375,8.7982275,0.0,9.012884750000001,9.153668,8.45080025,9.52008425,10.176273250000001,0.0,for,against
101,d20121024,9.5184895,9.481824833333333,10.370161999999999,10.145610333333332,0.0,0.0,10.625101666666666,10.527956166666666,10.014455833333335,10.469668,0.0,0.0,7.857773372222222,8.055647830555555,9.069843169444441,8.766885308333332,0.0,0.0,8.72120197916667,8.655040705555557,8.493592794444446,9.112636350000002,0.0,0.0,8.57939735,8.9255015,9.914599,9.74709025,0.0,0.0,9.354962625,9.373631625000002,9.39623,9.857721999999999,0.0,0.0,against,undecided
103,d20121004,11.499309666666667,11.442102999999998,9.612294333333333,0.0,0.0,0.0,9.224797666666667,12.048176333333332,10.468112,11.046450666666667,0.0,0.0,10.282875002,10.412869340000002,8.514427830000002,0.0,0.0,0.0,8.080136805999999,10.792535994000001,9.214178883999999,10.100004098000001,0.0,0.0,11.186309875,11.31382425,9.163142749999999,0.0,0.0,0.0,8.8655875,11.575698625000001,9.95429375,11.1279795,0.0,0.0,against,against
104,d20120912,9.015628666666666,10.227952333333334,11.025189,10.455995666666666,0.0,0.0,11.5946255,9.863825666666665,10.6173,10.487491333333333,0.0,0.0,7.236545382352941,8.63298745,10.025992461764707,9.74102123529412,0.0,0.0,10.748762779411766,9.037514170588237,10.122431352941177,9.798892573529413,0.0,0.0,8.013231333333332,9.488149,10.581502,10.123281666666669,0.0,0.0,11.463320000000001,9.601497666666667,10.397788,10.431725,0.0,0.0,for,for
105,d20120701,10.419125333333334,12.097261500000002,10.308023333333333,10.499346333333333,9.653794333333334,0.0,10.986091666666667,10.245641,10.997067999999999,11.822741333333333,0.0,0.0,9.0667277025,10.699910295000004,8.850048225,8.755069912500002,8.582661332499999,0.0,8.537098964999998,8.4783920975,8.927041697499998,10.484993482499995,0.0,0.0,9.8728585,11.3107215,9.45654575,9.503613000000001,9.3392435,0.0,9.221861999999998,9.02190775,9.61500975,11.38465475,0.0,0.0,undecided,against
106,d20120508,10.697987,10.4283185,11.8101755,0.0,0.0,0.0,9.99549475,10.57751575,9.784972,10.5907055,0.0,0.0,8.971769963698632,8.812317417123285,9.950588104109588,0.0,0.0,0.0,8.51247156849315,9.210452040410958,8.570584780136992,9.09566516369863,0.0,0.0,10.69845,9.715574333333333,11.367962999999998,0.0,0.0,0.0,10.037982333333332,10.521949,10.142373166666667,10.351787666666667,0.0,0.0,for,for
107,d20120417,13.329369666666667,11.127443999999999,11.868141,0.0,0.0,0.0,8.831169166666667,13.10036,8.856359,0.0,0.0,0.0,11.619089812499999,9.918672147727271,10.433256562499999,0.0,0.0,0.0,7.702235243181818,11.61411443181818,7.953630242045454,0.0,0.0,0.0,13.11733075,10.9164595,11.6540295,0.0,0.0,0.0,8.51347925,12.963421999999998,8.685266500000001,0.0,0.0,0.0,undecided,undecided
108,d20120207,8.526681,9.833200000000001,10.0078635,9.849048,10.193955,10.292562499999999,11.801739,10.703568,10.513088499999999,10.46064675,10.6376375,0.0,7.149599694936708,7.995530512658229,8.299929722784814,8.166904145569617,9.102155391139242,9.06884141898734,10.592208688607597,9.440137511392404,9.532080510126582,9.464397088607592,9.226738765822782,0.0,7.810571675,8.694138375,9.350575,8.9409125,9.88575375,9.715903,11.683090250000001,10.301404999999999,10.2317585,9.9348075,9.98220725,0.0,against,for
110,d20111115,0,0,0,0,0,0,0,0,0,0,0,0,0,0,0,0,0,0,0,0,0,0,0,0,0,0,0,0,0,0,0,0,0,0,0,0,for,for
111,d20111025,0,0,0,0,0,0,0,0,0,0,0,0,0,0,0,0,0,0,0,0,0,0,0,0,0,0,0,0,0,0,0,0,0,0,0,0,undecided,undecided
112,d20111012,0,0,0,0,0,0,0,0,0,0,0,0,0,0,0,0,0,0,0,0,0,0,0,0,0,0,0,0,0,0,0,0,0,0,0,0,for,for
113,d20111004,0,0,0,0,0,0,0,0,0,0,0,0,0,0,0,0,0,0,0,0,0,0,0,0,0,0,0,0,0,0,0,0,0,0,0,0,undecided,undecided
114,d20110920,10.1238785,9.703376,11.68532,0.0,0.0,0.0,10.347307749999999,10.29796125,11.234810875,0.0,0.0,0.0,8.254427440000002,7.855456680000003,9.563645565882352,0.0,0.0,0.0,8.066596834117645,8.467383883529415,9.384554198823528,0.0,0.0,0.0,9.8225095,9.10444225,11.286413249999999,0.0,0.0,0.0,9.75207975,9.988806375,11.05959575,0.0,0.0,0.0,against,for
115,d20110907,0,0,0,0,0,0,0,0,0,0,0,0,0,0,0,0,0,0,0,0,0,0,0,0,0,0,0,0,0,0,0,0,0,0,0,0,undecided,undecided
116,d20110608,10.9111815,9.240181374999999,11.4173065,0.0,0.0,0.0,10.488123,10.283174,11.839580250000001,0.0,0.0,0.0,9.321128425352113,7.7728321859154885,9.652409709859157,0.0,0.0,0.0,9.278941474647889,8.730078387323942,9.996708457746479,0.0,0.0,0.0,10.59648825,8.847353,10.798230499999999,0.0,0.0,0.0,10.35218025,9.78559125,11.052904,0.0,0.0,0.0,against,against
117,d20110510,10.385737,12.077637000000001,10.842432,12.07516575,0.0,0.0,10.862081499999999,10.353200375,11.190236500000001,10.2937725,0.0,0.0,8.577495343939395,10.242317365151516,9.181326798484848,10.22592966666667,0.0,0.0,9.683678577272724,9.151185774242427,9.986342842424246,8.982392706060608,0.0,0.0,9.87118725,11.602530250000001,10.564021,11.38359475,0.0,0.0,10.45823475,10.18537225,11.0275945,10.05119,0.0,0.0,against,against
118,d20110503,10.08631725,8.876917500000001,10.9827175,9.794205,0.0,0.0,9.549066750000001,8.8906825,10.924366,0.0,0.0,0.0,9.622251850666666,8.224343197333333,10.801169174666667,9.457326165333333,0.0,0.0,9.125424198666666,8.415153090666669,10.31558903466666,0.0,0.0,0.0,11.035089333333332,9.608801666666666,12.306790666666666,10.748512499999999,0.0,0.0,10.236857666666667,9.538064833333333,12.349792,0.0,0.0,0.0,undecided,undecided
119,d20110405,9.43626075,9.4428065,10.90599225,9.859364125,0.0,0.0,10.84036775,10.041447250000001,9.96320925,0.0,0.0,0.0,8.260582604347826,8.21924224565217,9.723805504347826,9.002724078260869,0.0,0.0,9.828200713043476,8.86331039347826,8.816244745652176,0.0,0.0,0.0,9.259054125,9.1643945,10.826993250000001,10.04484,0.0,0.0,10.883410000000001,9.86389925,9.820580000000001,0.0,0.0,0.0,against,against
120,d20110315,10.327088499999999,9.534867875,10.0107485,9.28560075,0.0,0.0,10.387262250000001,9.306625,9.80843075,9.61867425,0.0,0.0,9.029592417307695,8.504493815384617,8.629012684615388,8.071768550000002,0.0,0.0,9.240013675,8.001148759615385,8.887415796153848,8.51563501923077,0.0,0.0,9.918367875000001,9.29691375,9.268020499999999,8.6271165,0.0,0.0,9.98322275,8.425732125,9.728102250000001,8.819169125,0.0,0.0,undecided,undecided
122,d20110111,9.91756625,10.433045125,10.9929445,9.459145750000001,0.0,0.0,9.677131,11.48694375,11.353166625,9.955988625,0.0,0.0,7.948963766666668,8.967609076666664,9.582640745000004,8.448826579999995,0.0,0.0,7.697247430000001,9.974297638333335,9.987624435000006,8.715917506666665,0.0,0.0,9.43243875,10.0558835,10.84844275,9.5228145,0.0,0.0,9.245095000000001,11.436968,11.071262875,9.87361675,0.0,0.0,undecided,against
123,d20101122,9.478338166666665,10.066709083333334,10.82348925,0.0,0.0,0.0,11.291937833333334,10.713861833333333,10.997306499999999,0.0,0.0,0.0,7.976422142857144,8.81086701785714,9.223377655357144,0.0,0.0,0.0,9.527151317857141,9.198452769642856,9.341686208928573,0.0,0.0,0.0,8.862945575,9.6382825,10.302161250000001,0.0,0.0,0.0,10.901174375,10.448052749999999,10.66630275,0.0,0.0,0.0,undecided,undecided
124,d20101006,11.25497325,10.950448,11.78234225,0.0,0.0,0.0,10.68579625,11.49785675,12.24112,0.0,0.0,0.0,9.226396384210524,9.027713237894735,10.205238154736842,0.0,0.0,0.0,8.802753882105263,9.465408871578946,10.272128751578943,0.0,0.0,0.0,10.686500249999998,10.478094,11.292027000000001,0.0,0.0,0.0,10.21884875,11.246148374999999,12.005322249999999,0.0,0.0,0.0,against,against
126,d20100608,11.126993166666665,10.467333333333334,10.155409,0.0,0.0,0.0,10.960847833333332,10.047923666666666,10.634830000000001,0.0,0.0,0.0,10.36057275,9.798628641666665,9.4808167625,0.0,0.0,0.0,10.3284531875,9.316140729166667,10.036788958333334,0.0,0.0,0.0,11.433050000000001,10.512853499999999,10.52062775,0.0,0.0,0.0,11.307293,10.41258925,10.950189,0.0,0.0,0.0,undecided,undecided
127,d20100511,11.02163275,12.426485,11.448320500000001,0.0,0.0,0.0,9.38253475,12.655763499999999,11.57111625,0.0,0.0,0.0,9.861443042105263,11.440391842105265,10.274827963157895,0.0,0.0,0.0,8.32368510526316,11.37909892631579,10.068522221052628,0.0,0.0,0.0,10.6127855,12.5550925,11.0417705,0.0,0.0,0.0,9.102129,12.141688,11.013467,0.0,0.0,0.0,undecided,undecided
128,d20100413,11.029506500000002,10.725421666666668,11.715015333333332,0.0,0.0,0.0,10.739366333333335,10.103952333333334,10.043133333333333,0.0,0.0,0.0,9.980836627027028,9.319945786486489,10.30868155135135,0.0,0.0,0.0,9.398121316216217,8.94102887837838,8.761953567567568,0.0,0.0,0.0,11.095002666666666,10.581900333333332,11.242077666666667,0.0,0.0,0.0,10.638361666666666,9.957564833333334,9.999195333333335,0.0,0.0,0.0,against,against
129,d20100316,9.957740983333334,11.099516,9.90098545,9.880748333333335,0.0,0.0,11.879103833333334,10.500701833333332,10.353205166666667,10.1974061,0.0,0.0,8.731810900000001,9.897273578260867,8.580968513043475,8.824884210869566,0.0,0.0,10.665606676086954,9.44891810869565,9.245116930434781,9.034352967391301,0.0,0.0,9.950591333333334,11.112692166666669,9.836394666666665,9.657769583333334,0.0,0.0,11.802661749999999,10.524489999999998,10.394389666666667,10.072754333333334,0.0,0.0,undecided,undecided
130,d20091201,9.777744625,10.3814635,11.00604,0.0,0.0,0.0,10.6382525,11.311046999999999,11.037849,0.0,0.0,0.0,7.914334234374999,8.479266603125001,9.384933706250004,0.0,0.0,0.0,8.618898765625,9.933406756249997,9.70971309375,0.0,0.0,0.0,9.299688249999999,9.820768000000001,10.796706499999999,0.0,0.0,0.0,10.328968499999998,11.494235,11.11012475,0.0,0.0,0.0,for,undecided
131,d20091027,10.509293000000001,13.6430928,12.4395104,11.1584877,0.0,0.0,10.911078999999999,11.8289848,10.6710376,11.1699271,0.0,0.0,8.672983162999996,11.335184370000002,10.272412177000003,9.174311179999998,0.0,0.0,8.923277022,9.781828493,8.791237911,8.890284899,0.0,0.0,10.173024666666668,13.170671999999998,12.350840833333331,10.891168583333332,0.0,0.0,10.573022416666667,11.594442833333332,10.353618666666668,10.967522333333333,0.0,0.0,undecided,undecided
132,d20091012,12.00537375,10.56077125,10.8715865,0.0,0.0,0.0,10.520499125,11.073022125000001,10.88,0.0,0.0,0.0,10.336223122641506,8.86005244528302,9.396311290566038,0.0,0.0,0.0,8.817921037735852,9.309096237735845,9.443924367924527,0.0,0.0,0.0,11.5445042,10.279327599999998,10.6134685,0.0,0.0,0.0,10.167478599999999,10.754600499999999,10.595118600000001,0.0,0.0,0.0,against,undecided
135,d20090421,9.901817000000001,9.80505325,10.446893249999999,11.0927615,0.0,0.0,11.589919875000001,10.45587725,10.447542625,10.968808249999999,0.0,0.0,9.392751045454544,9.190782272727274,10.07274140909091,10.802933727272727,0.0,0.0,11.087114090909092,9.656056000000001,9.623704409090909,10.244916136363637,0.0,0.0,9.800348875,9.764037375,10.39254375,11.351196999999999,0.0,0.0,11.868761,10.175661999999999,10.42384475,10.74141125,0.0,0.0,for,for
136,d20090317,10.824072300000001,9.532772099999999,9.3239669,0.0,0.0,0.0,10.332027,10.4534826,11.3661744,0.0,0.0,0.0,9.368849593877552,8.177486863265308,7.979415114285715,0.0,0.0,0.0,9.160892261224488,9.054106597959183,10.002628944897957,0.0,0.0,0.0,10.853401999999999,9.4608138,9.552749,0.0,0.0,0.0,10.361424,10.492095599999999,11.3600971,0.0,0.0,0.0,for,undecided
138,d2007100901,9.71744325,9.961544499999999,11.0464805,10.360618500000001,0.0,0.0,10.2886865,10.41334075,10.27239125,10.007797750000002,0.0,0.0,8.710656688888887,8.631211420000001,9.842460417777778,9.290632997777779,0.0,0.0,9.155644851111111,8.96941127111111,9.190538291111114,9.04369888888889,0.0,0.0,9.975507375,9.97038775,10.879817749999999,10.54153875,0.0,0.0,10.20806775,10.10488825,10.320642999999999,10.0299585,0.0,0.0,for,undecided
